Oxs_TimeDriver::Simulation time,Oxs_UniformExchange::Energy,Oxs_ScriptUZeeman::Energy,Oxs_Demag::Energy,Oxs_ScriptUZeeman::B
0.0,0.74397179791282,0.4818284001188472,0.8561483785852542,0.0
5.022599754633566e-07,0.7439695373382167,0.48182840011884626,0.8561471216861627,6.138881466574805e-06
2.511299877316783e-06,0.7439604471965979,0.4818284001187295,0.8561421469416739,3.069438698516768e-05
1.0547459484730489e-05,0.7439233210618719,0.4818284001092188,0.8561230936139193,0.00012891494403
4.269209791438532e-05,0.7437625617867871,0.48182839923899173,0.8560604127848166,0.0005217008116572
0.00017127065163300461,0.7429229060953806,0.48182828145650036,0.8560265423884064,0.0020866415818912
0.0006855848665074817,0.7363442086777172,0.48180645451220133,0.8594257064292117,0.0079549298649778
0.0021826487032476235,0.68669321103354,0.4808204047605269,0.9024278832944923,0.0147841039488573
0.003771852726932425,0.6127918712243217,0.48153184385448655,0.9695505815818002,0.0012710530310646
0.00547843481327328,0.571348690793513,0.48742774299347313,0.9983808831257346,0.0145254588461179
0.00712736446347375,0.5547531833864754,0.4847663701505,1.0000000000000002,0.0073119524916598
0.008666538849476688,0.5682433121480981,0.4781785225974729,0.969527602160319,0.0101826265928817
0.010107137918918005,0.5968649332316578,0.4767975990844927,0.9239083177973926,0.0142256044252235
0.01150377968861899,0.6092403504671822,0.4812370389063706,0.8969435704536772,0.0015145898475842
0.012922528844295431,0.6402720923614351,0.4872848826609889,0.8494746789448573,0.0130754117661122
0.01433510429660097,0.687510421541655,0.4866346260228259,0.7848884508267633,0.0122425139557023
0.015723911333734394,0.720108594280616,0.480934959818737,0.7369433791108781,0.002675151951144
0.017093682157638578,0.766213050109404,0.47746308805755444,0.6742501630245548,0.0144831323961709
0.018473118617285886,0.8218088461726998,0.4784199676237302,0.6012045605938201,0.0101114298997348
0.019825241546680476,0.857904314615572,0.4841201506044902,0.549662693993884,0.0053263892120729
0.02117025024442231,0.9047099314642413,0.4897277767161432,0.4859012581266955,0.0149718908979003
0.022659645572378557,0.9712379358981653,0.48595729070513427,0.3991944941048613,0.0070064042260736
0.024072572674582828,1.0,0.47596843703755215,0.35471190030033717,0.0092694887627778
0.02538388917450864,0.9996910910618502,0.47106242875526266,0.34285204944988235,0.0149010112752477
0.026635525341661442,0.9823099462725717,0.4767205022543968,0.3502239347171334,0.0059032781906271
0.027844601486035694,0.943223034327143,0.4901838119094385,0.3817399183570409,0.0082357495877903
0.029088970506507238,0.8998631463863278,0.49876612924284447,0.4173356728085633,0.0150778181829121
0.030329604810522513,0.8764380042958513,0.4909765629132219,0.4308996697282035,0.0078775560782813
0.03156170200997259,0.8609687463819269,0.47424897952666895,0.4358537051185112,0.0065454578032044
0.03279116453579274,0.8430511403708418,0.46422270300837526,0.4434349402550508,0.0149614513424729
0.033976945706167216,0.8335386953822481,0.46911782263956303,0.4420281631461809,0.0101118731178642
0.03509115132062939,0.8277193726140151,0.4852854902222712,0.4372302642868726,0.0025233941307775
0.03613844619638587,0.8124431406068704,0.5005318165642827,0.44341714775227126,0.0128257012270358
0.03715890240142046,0.789998874025363,0.50344877684164,0.457538224853576,0.0145199354263566
0.0381524902447099,0.7709619192724211,0.49224789567726845,0.4679819549420754,0.0071255156385887
0.039153552059311994,0.7548161888126061,0.4751964502094446,0.4751065593169297,0.0047326351320216
0.040150963653140095,0.7313720704804125,0.46354204476352767,0.4902647393707704,0.0136231888671758
0.04122853837179495,0.6991215266202169,0.46379109213347397,0.5141198996826988,0.01370510957519
0.04228503563032303,0.6740073339643999,0.47620068250334324,0.5301602832942371,0.0042280458812124
0.043338162217972966,0.6545384131753131,0.49279741728012005,0.5399762973497932,0.0081298488802596
0.04436440649054972,0.6350758964051435,0.5014603316913498,0.5500410105991149,0.0148633052794925
0.045401839869997976,0.6173513268008228,0.49616789192345945,0.5580362440438236,0.0118077673603374
0.04642747258195848,0.6077060753028063,0.48290526797090644,0.5572770240499538,0.0010277925528018
0.04747903496520832,0.6057004716480652,0.4725449401848338,0.5479761441559015,0.0106492100520987
0.048522272121468604,0.6039233534793471,0.4706500186970879,0.5386804703715751,0.0150535013314595
0.04957376130044167,0.6037469348716169,0.4756641792736405,0.5276718545347838,0.0092412820434488
0.05063249603977464,0.6060315448650129,0.4836863132882925,0.5140814340426341,0.0029736661750447
0.051702468939019655,0.6056978876895047,0.48944088182239287,0.5034253082216622,0.0131969414744764
0.052781356632298694,0.6071796049953699,0.4884191390796187,0.49077805698596966,0.0140623260065273
0.05387508489266161,0.6102423755637105,0.48312322832698146,0.4764560599818888,0.0046701423393014
0.05495116972847115,0.6071461091597221,0.48128202259258357,0.46926933273475613,0.0079758831676386
0.05605371021927941,0.6022848643096972,0.48312222371205876,0.4638377720470286,0.0149715099483184
0.05717088451787001,0.5999521642146461,0.4835901397462574,0.4556041759069014,0.0106599638823371
0.05828941771922749,0.5921736694129582,0.4814675134456255,0.4535470643846906,0.0018274428564103
0.05940107785434738,0.577602296730767,0.47880145120523976,0.45911033236401955,0.0128693302856318
0.06052949128240197,0.5622464531962346,0.4770027450233659,0.4654275061082853,0.0140790441896521
0.061640543085406424,0.5457119946759226,0.47942545432465966,0.4732566590540894,0.0045127386713749
0.0627720607731512,0.5275271735809628,0.48832364534937966,0.48273151775465384,0.0086783026755821
0.06394674436278575,0.5148805455226124,0.4955908448133963,0.48575452263292784,0.0150794194505523
0.06511891808845421,0.5072155947528847,0.49052854944617447,0.4834446970525208,0.0088374773190964
0.06625782335366287,0.4991983297179389,0.4773992899367236,0.48187146453633845,0.0044122129513043
0.06743101031544342,0.49791559927502255,0.4667822606893875,0.4726722212346297,0.014300059680609
0.06860274836843674,0.4991817397768636,0.46738176088356287,0.4608989715191021,0.0122133444324146
0.06974193090789159,0.4963384101446882,0.4814004202115023,0.45403303674131235,0.0003117858605953
0.07088894621198687,0.49585430967875893,0.5003808139773627,0.4445723116914546,0.0118963040429087
0.07203002244375761,0.4986844213656248,0.5061458474035394,0.43165887214527676,0.0145607488071591
0.07317159290301709,0.5030411116594466,0.4913237798375213,0.4172041956954564,0.0056272643952995
0.07434152135082979,0.5094304083124528,0.46833275833292226,0.4004327820375211,0.0080845774633186
0.07550464257222068,0.5154999777806004,0.45626499566252154,0.3842387291564904,0.0150504739336504
0.07669952529510393,0.5212336953471888,0.4650068602809573,0.36833228747376556,0.0092993052761116
0.07791251169149568,0.5271876625135303,0.49108618119250774,0.35221415006334555,0.0047241593023425
0.07911686731120429,0.5279628693649063,0.5117954777101402,0.3420236325457553,0.0145089963334455
0.08030840606373359,0.5244132421807324,0.5059252200798904,0.33675275795827697,0.0116320774873008
0.08148467142127569,0.5222804335152802,0.47964695924160067,0.33009733751642556,0.0010907934042047
0.08266081373532555,0.5180760753910287,0.45697189406200994,0.32584392776468296,0.0128942502071733
0.08381608846996769,0.5102737943175977,0.454987039151031,0.3257993443495948,0.013939904473007
0.08497966213861066,0.5001305112700065,0.47476447620275813,0.3283410624819074,0.0035316579322848
0.08612160418877562,0.49319047117032605,0.5019565354310339,0.3275781244989575,0.0095892538922006
0.0872647720327202,0.486064827054501,0.5145014924609044,0.32718957297669315,0.0150644063551138
0.08839764209987329,0.4734493603461492,0.5007474616516217,0.33301895655319735,0.008609075389465
0.0895525070406121,0.4639900156421766,0.4710097463869658,0.335281064090432,0.0048642429872191
0.09071619128258247,0.4580023867811271,0.4484729350184171,0.33383670096653684,0.0144099141011237
0.09189722719534699,0.44776445827664085,0.4517210350484839,0.3371186762911196,0.0119302058864857
0.0931023730247667,0.43581950727282287,0.48457596651157364,0.3421928675286081,0.0009663489087273
0.0943258922251123,0.4271494416507688,0.523762682597363,0.3436327797534531,0.0131239333915463
0.09555582929244849,0.4182270348537072,0.5286858812849127,0.3454538494192796,0.0133620847361332
0.09679234433521601,0.40610227621114275,0.4867533586390961,0.3508739629719051,0.0013047151346654
0.09800445037727253,0.3947752041446308,0.4343116328285366,0.3556493069334403,0.0117730016600185
0.09920300759291735,0.38391253989868196,0.4192112850783636,0.36011427795331863,0.0144216842284354
0.10040847348129195,0.37101581265109723,0.46103063967074914,0.3669118985780171,0.0044165352060061
0.10162262279607373,0.35491750233384484,0.5304640167570973,0.37726730707129064,0.009562274938611
0.10284051554883009,0.34117797176508374,0.5628060129452346,0.38504060969695053,0.0149993983158471
0.10405481574248189,0.3282896688321388,0.5212488870888103,0.3920051313302111,0.0070083378884201
0.10524647553538416,0.31191595443920755,0.4411963711553473,0.40295106367092814,0.006997141884795
0.10645470909559254,0.30061059484576164,0.3916576915310742,0.408203186212839,0.0149902080244119
0.10770188345258125,0.2927944063692171,0.42300542396233193,0.409488704559793,0.00935111381219
0.10892706292444734,0.2855179796320248,0.513485276031115,0.41033115816506416,0.0048030082398003
0.11014443126159548,0.2844827391330184,0.5815256922038472,0.4043807639392598,0.0145731078034978
0.11138011517961224,0.2870660665755503,0.5595082001671698,0.3944592687981492,0.0111192050773639
0.11261589061031652,0.291215145597383,0.46359814633130947,0.3829062769739664,0.0025879523713194
0.1138573276863369,0.296669103666334,0.38290551008005036,0.3699846968376088,0.0139352270434075
0.11507869009985379,0.3015850927450608,0.3919387072855427,0.357824716159987,0.0124640326818842
0.1162794989864187,0.3084899810954304,0.4818671088547478,0.3436306976196717,5.246136603378897e-06
0.11750034857093702,0.3164319929616031,0.5768132911573731,0.32829265827835097,0.0126060166399611
0.11872604463180209,0.3231143148326883,0.5867450753661037,0.3143866367842285,0.0138144688259916
0.12000704546507057,0.3329222914926842,0.4954511388442101,0.29686438700994544,0.0018045159886677
0.1212774978313757,0.34050826639049186,0.39261969650541106,0.282014952545554,0.0119034714122666
0.12251309740763569,0.3427915383857529,0.3748415293593068,0.27326667358714807,0.0142139744152922
0.12376627150620347,0.34483102004771155,0.45720725230953596,0.264820014531731,0.0032109699628814
0.12501141033778146,0.341820666300997,0.5662527099172104,0.26212270568000995,0.0107610769061297
0.12630017255073306,0.3332147166167097,0.597489646839243,0.26546258833511094,0.0145396122089621
0.1275747863335055,0.324359564205901,0.5137741082127989,0.26920174096586824,0.0040113228189509
0.12883474312632415,0.31238128216433064,0.39978587569478063,0.2765308357541707,0.0103007333405116
0.13006634238779036,0.29844665778416773,0.3622540810441677,0.28614749304647824,0.0148375329322098
0.131307012333458,0.2860655895434006,0.4348549437943061,0.2940345872632848,0.0056739006039815
0.13254278220475896,0.27469738901677515,0.5563824839200338,0.3008608439383289,0.0087110533096713
0.13379340377237833,0.26559763330337377,0.6142176345622734,0.3051437603308276,0.0150536350976685
0.13505381737809252,0.25896649031223623,0.5453124482866537,0.30670701958510027,0.0071028592183117
0.13628846172291448,0.25466723510759276,0.4152206217120053,0.30583925524505307,0.0073650569685406
0.137522883142919,0.2534511634922279,0.3432757421336867,0.3016201471819351,0.0150525164611874
0.13874215559710423,0.253408307238637,0.39639054037402277,0.29623181703256507,0.0090360751639939
0.13997197700321506,0.2537666538262027,0.5328795972209897,0.2903992336615062,0.0052313237607505
0.14119905068767433,0.25555269817728893,0.6292044055714263,0.2830424004671779,0.0147097830128212
0.1424405203724291,0.25677877239193764,0.5904531806410477,0.27630071439039194,0.0106744946783706
0.14368618090090285,0.255529172608482,0.4475808129414663,0.27227563004947153,0.0033373413157022
0.14494785181546277,0.2558806641601095,0.33359625769337564,0.2664114634989818,0.014290183062683
0.14621947528626172,0.25653670203430207,0.3604029851256789,0.26020010247554537,0.0114781930457263
0.14750882062900947,0.2574982230902398,0.511154195666906,0.2535737143271073,0.0026987675177955
0.14881308743807348,0.26304042081229834,0.6405646878384161,0.24187196058271643,0.0142477517042295
0.15013740658077787,0.27052987748320373,0.6078471628854858,0.22803125856621453,0.0111389868241645
0.15144055776135604,0.27897016366024324,0.44346033956769815,0.21329756119329546,0.0033664047887331
0.1527452519070822,0.2881178985914155,0.31550035028167017,0.19787431325212368,0.0144578757453855
0.15403977262613747,0.29589383362437555,0.3539754403233015,0.184087318513124,0.0109189764150369
0.1553733933894211,0.30225763497313024,0.5302740142907898,0.17178879769098754,0.0040401021224589
0.15671975922681775,0.3064127395621134,0.6622299781111975,0.16194586026839342,0.0147536993003006
0.15805811898840522,0.3082508637467673,0.6007272431460339,0.15474199433357927,0.0096487751843055
0.15939082690132822,0.3074914882614819,0.4118839221553965,0.1505058221502471,0.0056757669852808
0.16071217260219908,0.3023030383433863,0.29651401075059236,0.1512682742286786,0.0149819133505735
0.1620291160731357,0.29513782515956394,0.3723206139995958,0.15430591679321615,0.0087284555762546
0.16336926008908892,0.2849565061438995,0.5691230671010136,0.16070742213249267,0.0068151458038516
0.16471111392645002,0.27255533818161043,0.6780849391927951,0.16963191440633563,0.0150781159408459
0.1660610555991684,0.26030488143397706,0.5748722864406114,0.17845602713184872,0.0071083973641202
0.1673563061586656,0.24780441532333525,0.3770682748486017,0.18778101855480211,0.0079969880011783
0.16865077553945673,0.2372250427168941,0.28318415275619424,0.1950110950642283,0.0150691078893944
0.16993010239424627,0.22834010351606543,0.38568763982199344,0.2004406382224102,0.0071829018128115
0.17124057908185614,0.22069145621437714,0.5920018693436891,0.20439709599853528,0.0080828535914316
0.17257779057021494,0.2160041874569818,0.6888539073131943,0.20500617590840364,0.0150328987991069
0.17396339435748615,0.2127778248424146,0.5565544207356267,0.20388835530691707,0.0054384360535836
0.17529815926467984,0.21089098913026988,0.3472728043238762,0.20147238955369784,0.0098626149015036
0.17664089547949138,0.210557537186207,0.2816441493215157,0.19738243287991986,0.0146810324750958
0.17797113138460455,0.21057416688893016,0.42805153432495546,0.19301719212083834,0.003908150831907
0.17934194367934078,0.21063811509666786,0.639232147002873,0.18856288091321205,0.0113183441280371
0.1807584383962501,0.20913630569477593,0.6729061379756777,0.18578642655147504,0.0137304062701926
0.18212319019165638,0.2062999836645466,0.4897971856633639,0.184673174333833,0.0005786240198895
0.18348611469512513,0.2019307649560061,0.3020568392798991,0.18529469191501113,0.0132010791966183
0.1848621637130276,0.1964341560482224,0.3138949433007314,0.18715812217126016,0.0123526904580175
0.18626317811983661,0.1896743471182084,0.5179056563696197,0.19038921534148634,0.0026346190320909
0.18769253184253587,0.18118406603468978,0.6835473975851482,0.19549319246969898,0.0146593712287815
0.18908378811880389,0.17211949272729005,0.6114899286722315,0.2013540850573443,0.0094794681866098
0.19047447923255004,0.16370135645370854,0.39369678927530644,0.20652428082792373,0.0065239619553501
0.19184086151126892,0.15677681801080068,0.2795904568476174,0.21013653066613336,0.0150777411927865
0.1932222939744732,0.15168073934418547,0.39040555698193047,0.21172541237642073,0.0067888916315887
0.19459839362585252,0.1496089067903909,0.6056231859077417,0.21004177493105503,0.0091065286068066
0.1960081363921506,0.15086340802109927,0.6828356866463574,0.20468927682351779,0.0147154522940067
0.1974295522471311,0.1553659315579886,0.5223264089713264,0.1958365066966563,0.0029732733508686
0.19890123450261693,0.16180882433106275,0.30993854331478465,0.18486846769713616,0.0126430299250406
0.20034447024130966,0.1665245964254009,0.3101932820372695,0.17597471972871914,0.0125020044326839
0.2017410588840728,0.17049106057501262,0.5143091557121934,0.16806570234934015,0.0023212173945556
0.20312364977367753,0.1743328523951198,0.6873037905112167,0.16036065260616073,0.0144255210407285
0.20450215717602208,0.17870859781501391,0.6294048844341504,0.15210509260284177,0.0102688496462609
0.20588310819807598,0.18267569562927832,0.4032152692020887,0.1443261227308803,0.0054560027519124
0.20729141345465346,0.1853422999272688,0.2636973608176357,0.13794084401582007,0.0150533082393732
0.20872355037141344,0.18616904370760345,0.38160335251356775,0.1335358658182455,0.0068174658216542
0.21018254092788563,0.18616721203038977,0.6295391174108791,0.1299860484074815,0.0098687225570942
0.2116402758158168,0.1860582921330688,0.6982107275617673,0.12657535081562155,0.0142941577806228
0.2130960488628221,0.185891883019714,0.49707893302259143,0.12326496634392092,0.0010045053132041
0.21454269170669066,0.18591365741935828,0.27655917672846586,0.11981172183821198,0.0134791182763733
0.2159633939371925,0.18494553050125012,0.3022171887705449,0.1175514520569465,0.011662562226596
0.21734824229384855,0.1820366457441917,0.5375740997592072,0.11753392586471212,0.0035592553526182
0.21876373191963708,0.17617424125365588,0.7171584930968756,0.12071984765605248,0.0148217205319834
0.22019631537082965,0.16745709090977445,0.616486426902809,0.12699709044116614,0.0084505564558246
0.22166427499156421,0.15904090819613553,0.34754818573335045,0.13285545315933844,0.0084518242788845
0.22315556722570798,0.1530782266548978,0.24857346622212084,0.13599821814913304,0.0146724903658052
0.2246127841603759,0.15027244093476916,0.4440968665796766,0.1358207579777806,0.0023543758788094
0.2260234524347729,0.14880263445087938,0.6850596936222849,0.13438451407447194,0.0125789320183405
0.22744196656221197,0.14649667460332366,0.6875651748571057,0.13396066431701859,0.0127314702651361
0.22885114841291365,0.1433529450178473,0.44879516083132437,0.13454536888430524,0.0020588840213036
0.23030129709690342,0.14037116753959789,0.2491447041894529,0.13491676814312803,0.0145788311907325
0.23179215782570167,0.13925307017883365,0.3410862045184849,0.13319125711574853,0.008772255345244
0.23322335831080201,0.14051099761547098,0.6074059398926296,0.12899923955092363,0.0077423845311695
0.23462977762667803,0.14200626722698312,0.7262947477206146,0.12464721256438493,0.0149912478843516
0.2360426872953601,0.1422112295433397,0.5582036011801715,0.12174436388407162,0.0047042992446341
0.23747367300103434,0.14157534822542855,0.3004902786695427,0.11975885343416937,0.0112550762912135
0.23893222963012678,0.14116644524897815,0.2634916149200218,0.11749450325788424,0.0135520242375285
0.24036188413228177,0.1416681379517573,0.49211850021607223,0.11430878139928757,0.0006330211978694
0.24176066360644233,0.14117608795333764,0.709898142328392,0.11230959433196452,0.0139181615774427
0.24319269199026408,0.13803055978857592,0.6597858498544136,0.11319739114618899,0.0108713805996684
0.2446478673401536,0.1316587635667758,0.39228171749584856,0.11758752053866961,0.0055137175236097
0.24614369541244166,0.12386342474369383,0.23773651004261492,0.12344719255505088,0.0150777293672155
0.24763473508604594,0.11652848845444097,0.3982615358994459,0.12879982096002407,0.0051186700305551
0.2491215813126063,0.11072936888696644,0.6705661021558775,0.13248911785425244,0.0114162888927106
0.25060385951702296,0.10667114850023285,0.7029938223444716,0.1343259953346989,0.0133091899966135
0.2520951368602841,0.10323599168953973,0.45010895678191676,0.1355300372346926,0.001915607713439
0.2535827474572734,0.10029116017873496,0.2396893658072233,0.13626296254335446,0.0146557609707478
0.2550710742685211,0.09646709550544674,0.33968223875212483,0.1380125380798829,0.0085410553776189
0.25650006431000993,0.09190464614390276,0.6158903027925233,0.14066653118000905,0.0079603903927149
0.2579439928964655,0.08780002367972156,0.7343842319799554,0.1427665498435824,0.0148973080979234
0.2593919919959149,0.0868386305549243,0.5428237844900737,0.1413653675044919,0.0036061727364267
0.2609016620057722,0.09080103534527217,0.2705678362651981,0.13446577671322735,0.0125416552404212
0.2623874827676096,0.09816552917989357,0.2736014062792973,0.12392806333715867,0.012310911533103
0.2638967569729282,0.10712787684049674,0.5502098907747829,0.11170284491064808,0.0039957102171979
0.2654255970581053,0.11570824678968494,0.7416167247926813,0.09998378285792886,0.0150493027427288
0.26699932849624697,0.12265135318857995,0.5730483091521187,0.09011711855289861,0.0052936189354454
0.268534230717004,0.1255611712304021,0.2818603353456636,0.08481289662993086,0.01167418059472
0.27004735237327704,0.12443106569287854,0.2603586054295023,0.0840007289465754,0.0129259079322926
0.27159451051500455,0.11995754039436962,0.5396943279937122,0.0868073730251544,0.0033534647450514
0.2731510359733048,0.11368324337622437,0.742150226742904,0.09154062773082461,0.0150252972742449
0.2746627131790417,0.1071987231530333,0.5903105045597941,0.09652988501439785,0.0062925821454135
0.2761735990310131,0.1009732583640896,0.29787326340114145,0.10122151122312606,0.0107559210668636
0.2776967386584287,0.09555180986954942,0.250728784107704,0.10502309358708373,0.013526088380909
0.279227040375146,0.09140462195313531,0.514821494273132,0.1074401586405902,0.0019170694238099
0.2807751598126846,0.08916624722039962,0.7383732919936126,0.10778414401043412,0.0148124649286508
0.28234893067747163,0.08798912684466381,0.603047624533697,0.10699951043964906,0.0070133016836606
0.28391817767986116,0.0862604447709136,0.29806686583528874,0.10688846795596985,0.0106926857429427
0.2854934255703869,0.08345091480636546,0.25341469692799534,0.10798206569782587,0.0132754531215732
0.28711282455065373,0.08081650551751018,0.5430835152806169,0.10882514859781156,0.0035252817982995
0.28869011173749703,0.07925922979531458,0.7455917220201975,0.10851868690504607,0.0150556712420321
0.2902175649957973,0.07905643074706648,0.5821027134558991,0.10677461919665121,0.0057211586152073
0.2917609562976668,0.07990718177629902,0.2815392079670688,0.10385866818890777,0.0114459115125916
0.29331884140046605,0.08170141684814675,0.25602562182569893,0.09989523856594817,0.0128261945242978
0.29489033283369953,0.08472082630159716,0.5501791088317081,0.09458453975240988,0.0038283761063195
0.2964390899865665,0.08907049540438522,0.7536678264587637,0.08787465926546578,0.015053588880053
0.297997306677492,0.09438437632565416,0.5796793336280112,0.08015791346492596,0.0054053090257491
0.2995565673865497,0.09978727614863897,0.26849340081342776,0.07242348589976122,0.0117861986456025
0.30114483785557467,0.10398744206052413,0.25679582479138297,0.06605869544252374,0.0123273698370553
0.3027313010860863,0.10612926902868042,0.5722490085592246,0.062008759159469795,0.0048700210631308
0.30429936815166475,0.10589893249462401,0.7654611793007848,0.060600329007426845,0.0150732959512951
0.30584663746181606,0.10401879502047817,0.5626106232946442,0.06101307686082502,0.0042783474038764
0.3074100078984632,0.10159435418676843,0.24526239811377176,0.06198995252846484,0.0125193379784252
0.30901990542907065,0.09939741057219664,0.26442231509897923,0.0626660315465053,0.0114006881717473
0.3105963043877286,0.09737947065248548,0.601074810722255,0.0631921110963567,0.0061556465140066
0.31213526975613437,0.09505817046948845,0.7756332738883236,0.06410352998416191,0.0150086501197655
0.3136514087588054,0.09274669670477614,0.5534154374304234,0.06503908129341052,0.0036553936014864
0.31516030830880465,0.0905227421200625,0.23744690562412327,0.06590561594867395,0.0125081695515113
0.3167122556425008,0.08763328278773896,0.24898038984676663,0.06750267352006234,0.0118639145855949
0.31829830227312605,0.08229325526614928,0.5928022386941106,0.0718132872915016,0.0055935349889358
0.3199522959382363,0.07335503968751889,0.7793839403406195,0.0800546792684893,0.0149106995854138
0.3215835390951538,0.0628119026115993,0.5113625807087309,0.09008468408403592,0.0014873470488749
0.3231959205026273,0.05343371645491213,0.2036486211745528,0.09884838438076549,0.0140985718694888
0.32480919810044984,0.046543675513951444,0.30716609256841987,0.10488740086942783,0.0088339361113139
0.3264168957644088,0.04221295019829374,0.6699591587352521,0.1081306983389394,0.0094490939946886
0.3280213679433153,0.040500879268870915,0.7578553022675889,0.10849718934372166,0.0138485615077107
0.3296305182670485,0.04167128369110035,0.4400611786848894,0.10567611101706098,0.0021094360587998
0.33122375219219546,0.04543103876492649,0.18751760605817952,0.10001204299645994,0.0149340258714044
0.33279578824557465,0.05029366075736047,0.35590144026022424,0.0931620390029988,0.0063642479841028
0.33435980375319263,0.05503457425689395,0.7040277260609051,0.08648233720817644,0.0111479322350036
0.3359669671884782,0.05907835768350278,0.7361738381559462,0.08059393527859338,0.012745410425868
0.33759342681680754,0.061706098875421056,0.390150917712521,0.07633756556876992,0.0046194837586541
0.33920986103559214,0.06222831864148071,0.1835921315101579,0.07449717380134202,0.0150602538367287
0.3408253342453986,0.06124215573193631,0.4189392692047879,0.07437709562135919,0.0031536330606909
0.34242859868713704,0.06014917626374039,0.7507839154817921,0.07441247225038894,0.0133616986742471
0.3440501586999401,0.05927828582089939,0.6867706031277389,0.07419942653329215,0.0101508586966238
0.34570222323414634,0.05786737374050788,0.3100024254507997,0.07453749353832673,0.0085219439460565
0.3473618873345091,0.05587830039491143,0.1976350224000255,0.07543283400382594,0.0140317117838788
0.3490380964628841,0.05552958757034615,0.5319789199076199,0.07441112378190806,0.0024445119415499
0.3507261117252688,0.059019982682686656,0.7944923466396641,0.06909070711719889,0.0150677134090853
0.35238920737509166,0.06545036702571977,0.5632750303840723,0.06056548651615645,0.0039143912617295
0.3540442066494554,0.07143507730121629,0.20520193364232836,0.052592642361693365,0.0132913540651899
0.3557197050848917,0.07513813862105934,0.277039392799044,0.04717122356606818,0.0097687863240236
0.3574001568058001,0.07699382013046702,0.677340725815229,0.04382917442727963,0.0092139624146504
0.35911965631708564,0.07713737479018995,0.7674843709778312,0.042411426392290785,0.0133737612210466
0.3608150331215734,0.07427952634401302,0.39175690107968886,0.04437176245580576,0.0042197570298058
0.3625094318332769,0.06871328993338127,0.16005095383422485,0.04933750519123015,0.0150236752013633
0.3641515941737197,0.06253702391743876,0.4317580688854901,0.054997576831680606,0.0023069633667781
0.3657405105691619,0.05800456498321277,0.7827485978159734,0.0588627344375916,0.013665610271335
0.3673297684283666,0.056316357640588954,0.7020229577617448,0.05958647305642195,0.0099339028866994
0.36892161256641653,0.05746543682364347,0.30109310953975604,0.05719417386811365,0.0081509919669194
0.3705467383800217,0.05976200324961467,0.16296179511411496,0.05353745622767048,0.0143260192861937
0.37220357366323187,0.06169361360011644,0.5121879275542909,0.05027980497206963,0.001349396950346
0.3738337140834219,0.06259414413564862,0.8196601663059044,0.04819159479262436,0.0148872465890171
0.3754414373287334,0.06275033521691803,0.6236865395008747,0.046964224754828976,0.0062533430604361
0.37701670519250774,0.06252555631157103,0.22591132836724864,0.04621294152249611,0.0113211131967158
0.3785998606273014,0.062094373138035786,0.1923991747346922,0.04572379612656485,0.0127634430482523
0.38020883658077675,0.06091001168110444,0.5822666343154415,0.046082393483885875,0.0043832755344365
0.3818453427609545,0.05759814518804257,0.829550656299115,0.04878030379108367,0.0150603634750351
0.3835086879734738,0.05137261416297234,0.541316994386341,0.05464829182833397,0.0025813586563123
0.3851686508829303,0.04378434472295084,0.16282630237840118,0.061972992530547666,0.0139046453073719
0.3868146409646369,0.03704092771525619,0.27642009099935383,0.06834984577463366,0.0089333020871095
0.38845870874660915,0.03146134709283438,0.7062078728663812,0.07345492125313524,0.0096975311180289
0.3900986353435818,0.026749923595308145,0.7951226578799047,0.07762410022722821,0.0135325880060763
0.3917211771483189,0.023607069057888896,0.4124771987924085,0.08008905491998619,0.0030145126325692
0.3933192320565466,0.022348958661414675,0.13727295397272632,0.08050994096374109,0.0150380835947939
0.3949229176029843,0.022267869101900373,0.36445367817073876,0.07965075248487552,0.005103021903114
0.3965632091309337,0.023221903453264248,0.7724838654751263,0.07764277845977685,0.0125594910553288
0.39822734571374097,0.0260286766793712,0.7339284875251854,0.07359499432698624,0.0109060990625807
0.39988421983995337,0.030771003099477445,0.3055354499022789,0.06745289848129521,0.0076814118255767
0.4014885993647913,0.03564867354924123,0.14865086926258442,0.061230591256239864,0.0145568873282383
0.4030892104632203,0.03915145999374675,0.4785760196587062,0.056544291300191896,0.000141348058782
0.40470117919012705,0.0413565174785363,0.8180098153433677,0.05326966647784026,0.0145186694438004
0.4063233396393404,0.04341756993286944,0.6582445319272047,0.05012950267395366,0.0076181178305353
0.40795255530322844,0.045884966150507134,0.23422848356941595,0.04653950494466996,0.0107216888252532
0.4095672380291098,0.04868681721849982,0.18025571363967663,0.042612435354599576,0.0130193616679736
0.4111598016261767,0.05177835637315281,0.5686732594765953,0.03841763626060812,0.0037147579784965
0.41276729748340235,0.05447379940827246,0.8368824547489508,0.034702050799967576,0.0150769325100891
0.41440935243428134,0.055251560060612936,0.5727170094676957,0.03312139055092711,0.003859581273992
0.4160211702429206,0.05322745134838053,0.17482782654557533,0.03463500224230098,0.0130624002589885
0.417608832135858,0.04943819873095423,0.22478732888132164,0.03806139609692405,0.0108922339756349
0.41921407895701324,0.04539131381644723,0.6521126472530039,0.04171105743326198,0.0071495050831526
0.42083467933510965,0.042201279595205254,0.8331860957469273,0.04437018229475398,0.0146591436937173
0.42247724404650944,0.04028885414273903,0.48281745017043165,0.04559761832087572,4.126449607461008e-05
0.4241036290665793,0.03954262084926219,0.13200326917164484,0.045566426806598725,0.0145908866641125
0.4257375864654465,0.039100873375383094,0.3067097736202118,0.045237815993705466,0.0072523285696887
0.42736670611867744,0.03834505533398702,0.7504147392457633,0.045301020026964345,0.0110123556900407
0.4290307376965704,0.0375899088692771,0.7873297742238181,0.04538073867980641,0.0124739362307568
0.43072701982372374,0.037710802873915206,0.33813631607792366,0.04450085055484165,0.0058830731742734
0.432408935632315,0.03915539016314101,0.12050366474906637,0.0421762518599047,0.0147990137610387
0.43405288947095266,0.04149531188453942,0.4651256342109054,0.0388801191425876,0.0006798018477937
0.43567667518926945,0.04415920061596279,0.8378424174478416,0.03522905765229689,0.0144071867647962
0.43730179593598695,0.047035277458528923,0.6772339077708208,0.03133929454272,0.0079249551132776
0.4389192856871288,0.050123100239056806,0.22797566120767565,0.02722694889343047,0.0103632588061572
0.44056923939503534,0.0530494874847286,0.16252719452020048,0.02330629391239869,0.0130546842666714
0.44227569234848435,0.05449858665349161,0.6042751683941272,0.021031709940730003,0.0049798545549448
0.4440288067209253,0.052910922889263134,0.8469240771895221,0.022119104385798893,0.0148175601551365
0.44579599480629223,0.04815283466346376,0.46401667734638397,0.026703867287209304,0.0007276989723727
0.44750419156275034,0.04183620640791591,0.11824473362033006,0.0330197978222857,0.0149363374422199
0.44918291689067036,0.035248133382102975,0.3561824046935242,0.03963833834125885,0.0051440214524599
0.450871601568266,0.02912860114576732,0.7977904150286245,0.04573731243332779,0.0128543711936344
0.4525585176875871,0.023884836853244273,0.7352483541242347,0.05087784629241443,0.0103193574013262
0.4542791042471211,0.01948895131697498,0.2618471192905017,0.05507710755285733,0.009016532530782
0.4560062123646442,0.015942589601867174,0.15421722596329746,0.058332433271176765,0.0134445943293223
0.45771510558884365,0.013374918696439642,0.5855105732336419,0.060497209619973846,0.0042297026732293
0.4594191409290238,0.012157506197084389,0.8508726020168176,0.061155338110937985,0.0150121024733501
0.4611034598449878,0.012373743657216107,0.5226408405184042,0.06023494322293543,0.0016692266225082
0.46274607872045104,0.013613202463715057,0.13748001510879254,0.05821283700950919,0.0141637291241604
0.4643522706351,0.01569903813423168,0.26854010940177,0.055291499767693875,0.0087526266454405
0.46594880831337804,0.01863422181357194,0.7130645074853976,0.05146301168648204,0.0094207650592497
0.4675288080659089,0.02233850027303591,0.8260289118754401,0.04681852834434497,0.0139778686938355
0.46910204477726053,0.026599903506076883,0.4489227368417496,0.041585181354483414,0.0013402216396769
0.4707080155011845,0.0310717000171557,0.11842197973280344,0.0361305030120842,0.0148357060630941
0.4723397400587448,0.03503497027953484,0.32771938857009253,0.031247518381086747,0.0062635966896202
0.4739858630789995,0.03781630270728664,0.7758205902434423,0.027677665682800168,0.0118672659088017
0.47563384023023103,0.039335968528545706,0.7746124026031452,0.02550414383536337,0.0118120065355046
0.4773192953443076,0.04017531928249052,0.3148181483676182,0.024071505163681284,0.0067774696330163
0.47903674282272246,0.04074031739695411,0.1266803732106785,0.02293457136585575,0.0144611748004917
0.48075206253303887,0.04082813102157151,0.5214650816665012,0.022325336873899593,0.0016091719442308
0.4824781141846577,0.03993351356972652,0.8530612669424891,0.02278887619850334,0.0150479342314327
0.4841739815917075,0.037963776775794544,0.5773172194175177,0.02442872012139885,0.0038928044206486
0.4858624112187241,0.0352842354881206,0.15321298048426574,0.026834022554045545,0.0134894597200731
0.487586398578866,0.03227415590746052,0.2632633022361297,0.02958343062393598,0.008967103248859
0.48931576108902697,0.029062325475056272,0.7378173737176366,0.0325577782024864,0.010441820837295
0.4910715957059063,0.025735338939159302,0.7837178840128578,0.03566293627288175,0.0122971859405087
0.4928063209874237,0.022813199792245442,0.3206074451619412,0.03834117008096993,0.0065928634102237
0.4945028451575654,0.020873605344871038,0.12514632255365044,0.039956781911462125,0.0145852436905644
0.496162463319017,0.02037927487199559,0.49339612961315704,0.03999680726362653,0.0004696636540787
0.4978104340698989,0.02148542478364107,0.847926714179295,0.038285507985479805,0.0147672152220419
0.4994551665540121,0.023927557937231503,0.6414910010436521,0.03511912509695403,0.0064448961628834
0.5010809895363624,0.027046906378615843,0.19587030610220663,0.031233670156110005,0.0115856370169961
0.5027022836220778,0.030135652271466307,0.1781517190740018,0.027404749733724643,0.0122774818779304
0.5043400926686078,0.03262658587071898,0.6199872179988899,0.024243372754282788,0.0055399055326141
0.5059801906379917,0.03423646244543194,0.8564901823266988,0.022050855964788507,0.0149429665249638
0.5076285094318662,0.03517719355165688,0.519508487959004,0.020582088170746804,0.0015060924846849
0.5093104257007841,0.03588474531764779,0.12326542892551362,0.019351938182570638,0.0143718789528308
0.5109963852340471,0.036599153255572225,0.296626944506018,0.01811464307489863,0.0073861092845404
0.512659745704519,0.03719457281946531,0.7649482628946095,0.017028147421503936,0.0111920117787565
0.5143103063974808,0.03722594631956855,0.7969439631279465,0.01658383701406274,0.0124169918720705
0.5159773262214664,0.0364301104380958,0.3388794297110759,0.017058983562648677,0.0056457691287201
0.5176509990563597,0.03491440417909142,0.10466637270454004,0.018329494369757393,0.0148635080783698
0.519329778873198,0.03295094629204193,0.46612883540657285,0.020091938084258354,0.0006117657308045
0.5210380814067579,0.030674116691815023,0.8635111819300232,0.02219474921343778,0.0146936575295408
0.5227550404862029,0.027935683981310244,0.6371571800392092,0.024808809691035938,0.0059540285929873
0.5244686783752287,0.02458989706861181,0.15410423302298448,0.028094370987239436,0.0125492839734398
0.5261723666462748,0.020847701309489597,0.20359823036470376,0.03181290761080624,0.0105798373670162
0.5278929505727923,0.017155310603715335,0.7137908819512366,0.035459697368645626,0.0087243290512089
0.5296064648746241,0.014120346564171327,0.846966531134495,0.03837158516003947,0.0136752154299145
0.5313077716051835,0.011845548589403843,0.38534880747184463,0.040446439567740855,0.0036309617165628
0.533023880573985,0.009988398263999443,0.08402086980949341,0.04206682433326514,0.0150494070961253
0.5347466297438537,0.008205144727300329,0.43761238778907613,0.04362034406083981,0.0016721535546265
0.5364711037789265,0.006497946725148085,0.8645631032601717,0.045106748578839895,0.0144748561288995
0.5381582444904138,0.005390263309275389,0.6673038760193882,0.04595848269080105,0.0070634541269153
0.5398200492643226,0.005311267771363093,0.18466947813459977,0.04570549864450002,0.0114226232404163
0.541478559226378,0.0062142654917553,0.16643982671848356,0.044399466480602445,0.0121586737786324
0.5431279045946544,0.007635397837234603,0.6344134748869106,0.042546792203353334,0.0058581248181042
0.5447604092491931,0.009157065330197944,0.8715745740545378,0.040590498255205,0.0149071937646888
0.5464029675730373,0.010984499400756853,0.5165117468358895,0.038280597654557935,0.001326386597031
0.5480495680110771,0.01363141841633575,0.1071912783970454,0.03504476068504103,0.0142938515281187
0.5496826033061277,0.01725581844793822,0.26588616884656213,0.03071985911475772,0.0081554675975364
0.5512977327244685,0.021470292267759816,0.7541918708137217,0.02574703059347505,0.0101423071168878
0.5529261999057742,0.025669262201360787,0.843267309206517,0.020796110316763095,0.0133277677414198
0.5545784148973636,0.029389943519006645,0.3782195211171486,0.016373973466253355,0.003806614325084
0.5562301173648971,0.032513594681766345,0.06992352439148591,0.012609394874687263,0.0150756026149461
0.5578549467885047,0.035103602861722594,0.3868805200586509,0.009432232006175045,0.0034476191051623
0.559481590305585,0.037217691323730595,0.8521515557842824,0.006773013288209118,0.0133544851714367
0.561089186757443,0.038628726428449056,0.7668455308148858,0.004889572749461779,0.010287789328421
0.5626797991382424,0.03906269344465413,0.2690789147826523,0.004088220207517423,0.0077326960837852
0.5642477306548761,0.03836348111768756,0.08074623913859524,0.004545160638421031,0.0146528186547396
0.5658263291793851,0.03645611720058761,0.46004694797116263,0.006337787874403977,0.0007958499975291
0.5674248352854665,0.03343428341459004,0.8724489662019097,0.009359878156914636,0.0142759274372388
0.5689991599584652,0.029768162916377017,0.7211014809928078,0.01310005807802539,0.0087951076624033
0.570564210571496,0.02594534332915871,0.23691606534785192,0.017019307902582215,0.0090755642920543
0.5721439920623121,0.022432312197046334,0.10120135083195275,0.020602464690979927,0.0141369053018457
0.5737249356904364,0.01968225692170744,0.5088022071223705,0.023356025655962398,0.0009957138279131
0.5753253640549223,0.017851853916711957,0.8848074848156569,0.02510682677570597,0.0147561052917293
0.5769459946350062,0.01687304676533502,0.6671042396924565,0.025929681134162275,0.0067586386137319
0.5785686112411891,0.016497665115909055,0.17031917613260444,0.026097055469829655,0.0113333645462095
0.5801818727316392,0.016495734798185446,0.13371661980377864,0.025857819425892936,0.0125534278631909
0.5818039970021963,0.016755793575439104,0.6198207824703985,0.025326601381702618,0.0049038826527007
0.5834462311150116,0.017169962976273823,0.9094231802704786,0.024617292496399434,0.015016553648974
0.5850924377543647,0.017534636892683364,0.5441177252851364,0.023954899288330944,0.0021787129000235
0.5867380240236336,0.017672740489505845,0.0810623574113028,0.02353520500152806,0.013992798872554
0.58839636662573,0.01755528904784226,0.23329303442435992,0.023390315578421417,0.0086218700001614
0.5900604890741827,0.017312373492454736,0.7773735765103144,0.023382172610801222,0.0101700113897186
0.5917057847530878,0.017069151806134608,0.8661910144540816,0.023381581704581933,0.01321228253273
0.5933344193217023,0.01678839751999861,0.3730970418347225,0.023431792393247663,0.0037630101944015
0.5949691605249436,0.016310248884850498,0.04898268497280278,0.023704755081110918,0.0150793340147273
0.5966125793073971,0.01548740978750518,0.3822418174109963,0.0243586431203493,0.0034720949188769
0.5982542142352598,0.014372413171491016,0.8671860629766043,0.025332181574914348,0.0134271738634452
0.599904193684189,0.013236183809239854,0.761314611790517,0.026323127749918518,0.0097832844240434
0.6015597139478697,0.012410323905462262,0.22794659792226446,0.02696933877656038,0.0089555597187578
0.6032283157207461,0.012070171184897449,0.09204042920034888,0.027083244084958213,0.0137841731804262
0.6048822849272439,0.012081871263599997,0.5615837947269082,0.026821937199554613,0.0028084010583588
0.6065135012681289,0.01213250781905012,0.9107687264944997,0.02652998954913577,0.0150513088794617
0.6081399579397053,0.012119432077738745,0.6142297242370132,0.026311720004619454,0.0046549484870864
0.609766735351337,0.012233412486183592,0.12078206787858847,0.0259508309454739,0.0127275360347873
0.6113775034528321,0.012753826536038848,0.16466988093283458,0.02514236361847111,0.0111407431947814
0.6129743499387601,0.013797783106918038,0.6752148971606888,0.023763323584714113,0.0067352897546718
0.614570145561596,0.015240300179538813,0.9100120034931446,0.02195725045474317,0.0148204942540018
0.6161555329488376,0.016793825542251672,0.5254027122559378,0.02004616597038633,0.0015074091451744
0.6177173816936697,0.018165361783666456,0.08145493399792403,0.018352336311899364,0.0138597372693349
0.6192749800624193,0.019199229256498418,0.19588988079235836,0.01703849867883611,0.009867274785556
0.6208370490096199,0.019875351177693956,0.7124948457256297,0.016118243393856035,0.0079177795261984
0.6223876634500891,0.02021352963609674,0.9092941146988746,0.015565856202721662,0.0146516689536459
0.623943562514852,0.020207781910935918,0.5128551219003324,0.015383672645217894,0.0010679063528602
0.6255170295496331,0.01985674259407033,0.07463674649207808,0.01557094918051427,0.0140790844856926
0.6270901305538921,0.019283916083314867,0.2134511389038144,0.015993519999949246,0.0092703319973103
0.6286695543329127,0.01873126834351857,0.7360856870370923,0.016384428568309684,0.0087383796239485
0.630270971899627,0.018526264242589963,0.8957691689877939,0.016382714531506304,0.0141895794073761
0.6318807218327759,0.018925141370812304,0.44707444047894146,0.01571176844083877,0.0011938195297467
0.6334971279645656,0.020010777605939223,0.05051469303100847,0.014285388922884668,0.0148322229025882
0.635140978849559,0.021770589600250245,0.30219763154406576,0.012119267199499628,0.006146170651133
0.6368098757598666,0.024074004211559474,0.8385061433321118,0.009361587363744484,0.0121141424967935
0.6384748666421852,0.026565321295696498,0.8186494077376609,0.006410505352280049,0.0114198917177099
0.6401422633874236,0.02871381899922837,0.2724085386609494,0.00384947328982288,0.0071274543856914
0.6418309674844633,0.029949333368027298,0.057993678049062414,0.002300882867083409,0.0144488964905326
0.6435347425305599,0.02985147183492942,0.5263247447200005,0.002224024756674492,0.0015117020064548
0.645245392845947,0.028284706609523036,0.9246409436550178,0.0037664797250001048,0.0150266711362046
0.6469466660926622,0.025384985016698836,0.6019542997921133,0.006780327563713495,0.004105085752749
0.6486534795604356,0.021435318924277136,0.09080827484865511,0.010954318468420432,0.0134914841157197
0.6503767667999548,0.016795461806584366,0.22274226820267967,0.015893144561776484,0.0089703403753591
0.6521023419430229,0.011924758778622035,0.7826760286207417,0.02109157831332431,0.0104054598639226
0.65381364000622,0.007378792432970183,0.8458969969769069,0.025934698890085928,0.0126317184260875
0.6555287619074857,0.003668879932626823,0.3150095001364106,0.029852818891085375,0.0058328480800899
0.6572538339083558,0.0011742580291554117,0.06270556539867406,0.032426291237211524,0.0147009277083272
0.6589778571030311,0.0,0.5039404744187705,0.033541630355210295,0.0007712516253618
0.6607057455055373,0.00010932539009642084,0.9139920900637266,0.03323955331440054,0.0149727810163987
0.6624462565861265,0.0015581091123465507,0.6019006586014157,0.0314580239450335,0.0041554619837822
0.6641837278460327,0.004266900637144966,0.08771256034734837,0.028287923631211687,0.0136323798548456
0.6659148605417274,0.007786176211247775,0.23038884949395688,0.02422593678283902,0.0086307515602586
0.6676255435184935,0.011431360600991813,0.7934196402735092,0.0200266051938216,0.0105751380663195
0.6693208036309148,0.014710590884711994,0.8554559805229134,0.01623006416845918,0.0126097261562156
0.671013841031594,0.01738767982230388,0.31551697425858155,0.013096854318463969,0.0056203173223931
0.6727002069835055,0.019325471723520504,0.04304871639631386,0.01078275464577394,0.0148414313897209
0.6743641229660381,0.02047114879943246,0.4620929093282032,0.009351683307735392,0.0006656869817336
0.6760209476634709,0.020863339532069702,0.9125630378535687,0.008762146933790627,0.0145250555841149
0.677696618527568,0.020554035825434858,0.6884717005228946,0.008954784121665726,0.0070257349194209
0.6793828392443909,0.019670906296538337,0.14375724794804912,0.009786464845033205,0.0116423599637875
0.6810783719933691,0.018490884708988298,0.14577173539902183,0.010946631311171462,0.0116726361404176
0.6828051963414945,0.017360474627073796,0.6946941533455794,0.012047480250979792,0.0074194595602831
0.6845042379573998,0.016569070417490395,0.8901133978230955,0.012774782774049864,0.0143106384424579
0.6861834877278674,0.016142917170937077,0.43462733649770513,0.013101777039477236,0.0016707555764542
0.6878636903512496,0.015973358147379824,0.06077728733072174,0.013149096352057299,0.0150074129053624
0.6895372968735616,0.01593423563255625,0.3516798790090893,0.013056590861077133,0.0046318063739042
0.6911953938918598,0.015932760897487297,0.8473517310607903,0.01292513883809443,0.0129412182496312
0.6928590499990871,0.01591925082296014,0.7760845866996391,0.01280558364244544,0.0104041183903228
0.6945415780592069,0.015867202975606898,0.24064873641759393,0.012724850371467866,0.0085435656615724
0.696228958790849,0.01578009993004592,0.08878807719405118,0.012680144735301324,0.0138939279989129
0.6979298052527758,0.015707909768167883,0.5701829053638209,0.012616411526811921,0.0030992239378325
0.6996658350003038,0.015695862051065157,0.9139193547985531,0.012482694978999564,0.0150655052513668
0.7013930627653171,0.015733980157283445,0.5367843433044094,0.012293688650921508,0.001917698603118
0.7031197372095446,0.015828950274125453,0.0695545045711749,0.012040941898358692,0.0144115166370495
0.7048343192073776,0.016047847354044686,0.2818052802641713,0.011652573322987969,0.0069616547264518
0.7065251331410749,0.016354514863361425,0.8209640572167167,0.011172204292779986,0.011723586034068
0.7082018863745582,0.016520808165437828,0.8216540684342059,0.010852082023304677,0.0117363568321392
0.7098870461995196,0.01633001659684996,0.2835432257875361,0.010928108001895698,0.0068822038649232
0.7115778689796938,0.015787614826575813,0.06467349364299735,0.011392479332125838,0.0145187407729925
0.7132642796740534,0.015094694808731324,0.5120893339263868,0.012024052131447194,0.0010501038700266
0.7149607995282629,0.01447157409566402,0.9136725568905048,0.012580619322815734,0.0149600610513805
0.7166580662818187,0.014082631139525403,0.6184665447395539,0.012884116674835244,0.0047597259656444
0.7183463118277783,0.013980879020086379,0.10969852194366897,0.012879026210709243,0.0130597135141174
0.7200196041716512,0.014078339483980684,0.19284809176897044,0.012663447523638904,0.0101467614917681
0.7216969939540181,0.014221299699612333,0.733197213960233,0.012403277121841638,0.0087800049192514
0.7233912628089648,0.014342880055336849,0.8762304329736277,0.012166482146537483,0.0137446939685822
0.7250908998870382,0.014522083084477277,0.3831471899070773,0.011861933110551393,0.00344893083137
0.7267961949754668,0.014843659705425782,0.05073906114850685,0.01139465884899793,0.0150662482239695
0.7284764762691087,0.015239439552877265,0.40967627564208847,0.010842764468554034,0.0025024711254982
0.7301507827259206,0.01555091587719426,0.8889768193513933,0.010381047946062205,0.0140014660700162
0.7318241253185942,0.015596752248378476,0.7280073046775682,0.01020978566930908,0.0084515386541949
0.7334826499319799,0.01521536655577449,0.1833590516678128,0.010508438670866038,0.010271632825602
0.7351350219329105,0.014319136702022228,0.10043351930192806,0.011373404841086288,0.0131025103035995
0.7367941817400976,0.012928705419291142,0.6090147165280322,0.012781645146325182,0.0043387897749282
0.7384526855559777,0.01121341420609534,0.9250831316459684,0.014548239067328161,0.0150474833002683
0.7401035573883548,0.009426430201701974,0.5557355848175937,0.01639671998106862,0.0025124246593417
0.7417651291470051,0.0077556986304748166,0.07269190893701871,0.018120832026846223,0.0139390758462231
0.7434455925795637,0.006350303401123802,0.23095574457583512,0.019556787785118157,0.0085166090143644
0.7451287411783661,0.005395743094382344,0.7912357940366948,0.02050134641428336,0.0104332339695258
0.7468046418027044,0.0050485044388523526,0.8634739245474243,0.020782937398683643,0.0128426961535371
0.748486423293057,0.005352129837375985,0.3312147740183745,0.020352850952786605,0.0050856300657923
0.7501793512896973,0.0062634517272827095,0.040719756206875124,0.019256621182418332,0.0149205908311509
0.7518676610901998,0.007708841761960572,0.45634011419196513,0.017572994551363186,0.0008590637532059
0.7535498979194148,0.009610638501387547,0.915010064531453,0.015385144090900527,0.0145560498424828
0.7552410826064482,0.011860672706630493,0.6820882539834586,0.012810953687859561,0.0067530184067079
0.7569439919384312,0.014279838775915599,0.12950423719893744,0.010048583503534214,0.0119601188029504
0.7586460953814704,0.016629442023770424,0.14987021638530346,0.007363019485736144,0.0112896829162306
0.7603192827417522,0.018664267990301575,0.6989308104942562,0.00502624648889527,0.0073630652747916
0.7619746083348857,0.020267802986931593,0.9090338801096058,0.0031650245737275817,0.0144881491170375
0.7636284611807352,0.02142840409222546,0.45940571390930773,0.0017899357291140117,0.0007644316042904
0.7652738562373039,0.02221306902319864,0.04903608172504659,0.0008273003141066049,0.0148183250582394
0.7669010645346443,0.022682677373826843,0.29449481806234645,0.00021228966289066342,0.0064002472781441
0.7685251928055639,0.022788656907089366,0.8232344649846718,0.0,0.0116039451936975
0.7701564917407691,0.022409197575946393,0.8408976768840972,0.00032499559360532615,0.0121892418740836
0.77177873480513,0.021506232488332555,0.3201409778444737,0.0012287799358134954,0.0055033013257877
0.7733922510013655,0.020189147031513255,0.04119540966062252,0.0025889871531663555,0.0149875314546924
0.7750178987289529,0.01863567602049354,0.4183464808952422,0.00420811781659669,0.0021426613510971
0.7766516494963157,0.017035014114958114,0.8990527366305772,0.005878719927850495,0.0139520937658765
0.7782776769584628,0.015506363052874728,0.7529567844248801,0.007471930440736463,0.0090298345650196
0.7799084665039804,0.014055752036745195,0.19700658447853042,0.008982221943875546,0.0094795305501245
0.7815569592588394,0.012670321804906792,0.0710554326894231,0.010424302297822097,0.0136100775480432
0.7832086126090007,0.011403297034353388,0.5789902030803071,0.01174027045003112,0.0031887529582569
0.784859042355674,0.010340222833119639,0.9445197011981123,0.012835378364619343,0.0150766280802267
0.786528234966287,0.009545576562322633,0.5908660491393145,0.013637036401272562,0.0035532182621268
0.7882222118130275,0.009033674548217685,0.06329794575283065,0.014128432806929547,0.013671191578702
0.7899148948321426,0.0087357047446332,0.20741025202092156,0.01438517999026101,0.0089384347510792
0.7915973247761692,0.008534543014417806,0.7921362870077511,0.014535026935881046,0.0100471016247489
0.7932859394027277,0.008344025803622312,0.8848643210591565,0.0146708372440012,0.0130330859325147
0.7949793432548186,0.008131352156494409,0.3318950329490376,0.014828157399764175,0.0048697914835177
0.7966643818831544,0.007900762132450556,0.022105694138144227,0.015003405489684596,0.0149642116103729
0.7983482792970135,0.007686730630638738,0.4436599231599186,0.015159654534402156,0.0012371536680056
0.8000399449932312,0.007550494673868147,0.9308472655775397,0.01523031655021212,0.0144849227931943
0.8017255552189738,0.007556520121865584,0.7000792744828811,0.015145361561453408,0.0070481232937253
0.8033962270679171,0.007756396106573804,0.12681448720858857,0.014847563673667796,0.0115043049072292
0.8050665814934592,0.008207872549169382,0.1109683216070631,0.014271403338173672,0.0119967261853149
0.806743753994057,0.008949201745781288,0.681521895843764,0.013373646820264096,0.0064158218770764
0.8084132701467952,0.009939870131810191,0.941616256392301,0.012199926033730213,0.0147100043111722
0.8100715170339946,0.011066219730721805,0.4841180841157437,0.01087694530636174,7.336349133294965e-05
0.8117343483271968,0.01217742878828415,0.023985723238493406,0.009571906102190386,0.0146897805839844
0.8134056221413641,0.013115378381983567,0.2790278028921567,0.0084606079813343,0.006478388858982
0.8150691486629007,0.013763304350937144,0.8553489404898635,0.007673657258765232,0.0118522758314177
0.8167257069111092,0.014092646047742796,0.8532919816124858,0.007242695143622191,0.0117617268910174
0.8183917911374029,0.014172039129501879,0.2726327569819371,0.0070906947466122805,0.006637619539604
0.8200642684020988,0.014136565496349729,0.019984084768891408,0.0070677494358060144,0.0146453246660595
0.8217351677319435,0.014104414590174474,0.4933579068169425,0.007043360994823722,0.0003634792921014
0.823407978500575,0.014112398389904801,0.9537907158814487,0.006976941842649742,0.0148059198542227
0.8250920147157852,0.01412030955826904,0.6672485126661948,0.00691217057129867,0.0058258413693801
0.8267656301562736,0.014073563100610087,0.09051462721932496,0.00690840304154694,0.0123518974829895
0.8284459180415058,0.013984109640200415,0.13288579317439042,0.006949954196494357,0.0110234489128086
0.8301301696236473,0.013948751087708156,0.7300721199816649,0.006928281638890921,0.0078218087822215
0.8318034787648589,0.014103343545545988,0.9341431541221736,0.0066932401367556515,0.0142620593177934
0.8334737070831079,0.01456129667657996,0.42785438880110005,0.006120325063379006,0.0017120213479825
0.8351572339841085,0.015339995948493335,0.010743767205794397,0.005191847491271995,0.015015222010581
0.8368481325991546,0.016293000005711267,0.34509940601631806,0.004071742936112344,0.0043516234795165
0.8385322987921497,0.017159045632245518,0.899484587580931,0.0030498897557076354,0.0132447020458768
0.8402043076372983,0.01767896133389718,0.7929247113918956,0.0024121024613192876,0.0098756365574474
0.8418839036448251,0.01767703326866893,0.19657419239528862,0.002350326811452863,0.0090937448509425
0.8435789795535308,0.017089486051209468,0.05595290808277126,0.002933100260143595,0.0135755924217799
0.8452741961093656,0.01599136671644147,0.601271205113243,0.004077254071970682,0.0037842195012674
0.8469628206812887,0.014556974264549938,0.9595216195209633,0.005591340640122011,0.0150596156110008
0.8486553300698052,0.012967798075111003,0.5520293728221106,0.007276795453196039,0.0022149790626304
0.8503661003799761,0.011363905190204193,0.030630542287434892,0.008981018422921982,0.0142582300136246
0.852059659025068,0.009898353491800405,0.23969880234297275,0.010538057896650743,0.0076193279071634
0.8537390183487306,0.008666907759986908,0.8383322014119612,0.011842375704693264,0.0111427423960866
0.855388921201877,0.007745383186433474,0.8812144985982444,0.012810235357870292,0.0124629759883867
0.8570128462213417,0.0071460421077435,0.3197229932185438,0.013427242284685281,0.0050774728207251
0.8586318201850328,0.006830719156788068,0.0031187325223918094,0.013734089729596333,0.0150253901056029
0.8602450810564398,0.006729372268696909,0.39631035129140035,0.013806284165992277,0.0026751502417257
0.8618386395507696,0.006760314117402355,0.9160227891088767,0.013731632815941808,0.0135287591662405
0.863426200475301,0.006877557554289315,0.808271576134292,0.013558275935326769,0.0101851859962887
0.8650200076016393,0.007075568917773445,0.23038890864424283,0.013290512407469146,0.0078856338210403
0.8666040618294126,0.007366771163077435,0.018584263671177104,0.012914802061843256,0.014559489365898
0.8681787065845429,0.0077816882869916615,0.4668711338827989,0.012398861930616345,0.0004686297357032
0.8697627123471239,0.008338271599263647,0.9404271952901491,0.011724344997045666,0.0143236258490138
0.8713490210327152,0.009014085811730355,0.7550718592281175,0.010917819756507186,0.008552363827672
0.8729251613583837,0.00979055494930775,0.18245914216872294,0.010001473852855325,0.009417031612693
0.8745049853680747,0.01066484019447339,0.03802666689353579,0.00897931232567184,0.0139804670160512
0.8760932600235166,0.011596338701793274,0.530133975727537,0.007896914321352089,0.0015162982635798
0.877672573583832,0.012516138839962943,0.9549384493474523,0.006831043083620036,0.0148083006107769
0.8792481805627079,0.013360553301958178,0.7053631527041644,0.005851671510454626,0.0070130303223824
0.8808374719507239,0.014048254116911019,0.1371551557381408,0.005047625081739726,0.0108642307332258
0.8824303005156163,0.01449474013144264,0.06805632411244189,0.0045114088623812165,0.0130510365012197
0.8840198294517565,0.014660716894076331,0.5969841806560736,0.004285541486314548,0.0036176684460306
0.8856233841484284,0.01455728997142669,0.9630163023237499,0.004356659483572001,0.0150733919326477
0.8872426936610119,0.014254437046494206,0.6178467653054458,0.004646885593912575,0.0042700562262015
0.8888622821114881,0.013874170142847808,0.07247561914162942,0.005021916159082984,0.0128937304395958
0.8904840279886909,0.013542450914513449,0.13740768590180863,0.005343703037819614,0.0108330705358206
0.8921245471017061,0.013343573070619341,0.7247089174265522,0.005520305774916245,0.0075999078984862
0.8937755306293634,0.013289341145354794,0.9438458642706459,0.005539773451875396,0.0144256791425122
0.8954230046975346,0.01333374506989693,0.45290451936915926,0.005452947106417527,0.0009059675694697
0.8970622445796002,0.013424315311680146,0.009647918381808618,0.005316403519234347,0.0148305114090205
0.8987063921231515,0.013521841404287693,0.2854313707261804,0.005171417152440183,0.0061515074802436
0.9003476145109259,0.013603728862539799,0.8638726946415272,0.005041698963520247,0.0119060914635131
0.9019753378073694,0.013651305285373005,0.8648126685239764,0.0049475600196806635,0.011925784689278
0.9036034844206773,0.013626737890671259,0.2905683309641585,0.004930717691785436,0.0059757587586757
0.905242294912932,0.013481544366812814,0.006315837121112611,0.0050449865611352784,0.0148749087265792
0.9068770651850215,0.013188441168647647,0.44276999343509255,0.005321546288627577,0.0012170033871358
0.9084967115818736,0.012761997556477223,0.940036793945441,0.00574561500130466,0.0142223507532476
0.9101167721279682,0.012235168846115418,0.7542511188355452,0.006281638274977519,0.0084710326450461
0.911742090002327,0.011638339886105853,0.1634261990001345,0.006896604023770125,0.0099531165583379
0.9133568241591786,0.011015194544512441,0.050152257825580526,0.007542435876495279,0.0135197562510817
0.9149637324405684,0.010424264573343556,0.5732512882765015,0.008153959006462097,0.0028555584471344
0.9165793325405667,0.009927220592766905,0.9640323656893464,0.008662532383212795,0.0150418799645398
0.9181982651527887,0.009582647694216184,0.6374983497675563,0.009003783652638209,0.0048777280494141
0.9198073115245393,0.009416313418511957,0.08601474882796434,0.009150093749706212,0.0124797017854683
0.9214187226211421,0.009415670802840781,0.11963691152287731,0.009115647098407953,0.0114348883398594
0.9230437249729533,0.009552806131675973,0.6930218871106264,0.008931014090124867,0.0066460802833575
0.9246683715266959,0.009789227869665296,0.9517172279413978,0.008638295863846901,0.0147716904849269
0.9262894515857827,0.010085059418138809,0.5078148448079389,0.008281045689352062,0.0008201851290628
0.9279199767185793,0.010399430541058519,0.027445903703937125,0.007903877520329727,0.0143898978043618
0.9295550936358963,0.010672482035927688,0.2325223358455393,0.007572538695369335,0.0078704404493102
0.9311888104475807,0.010860688394423834,0.8183845995481106,0.0073348318020616254,0.0105522459975307
0.9328239068186377,0.01096648267211725,0.8982534429848901,0.0071876462253730455,0.0130140867140982
0.9344747464651647,0.011016523495588626,0.34086953007465703,0.007100776010759757,0.0044106800707184
0.9361071307258721,0.011040424939198101,0.0,0.007041237244946208,0.0150614463945187
0.9377277385634342,0.011056697576384,0.3814589129868486,0.006988288934676845,0.0031156203189449
0.9393513437282599,0.011055293134977273,0.9200173787008208,0.006952835787237932,0.0134925199579034
0.9409681696366762,0.010998362545761364,0.8068906164591094,0.0069767844414660996,0.0099798876760378
0.9425709942524607,0.010838934500684794,0.21456671985618742,0.007112516163967797,0.0082122950177686
0.9441767796146855,0.010556843847613795,0.013140344029699547,0.00738313388244749,0.0143761902635695
0.945780235055534,0.010180021919752424,0.4993868443385662,0.007759081301109916,0.000535245413989
0.9473883404976583,0.009756026394931838,0.965767482833285,0.008189120182554577,0.0146760711023676
0.9489952095078464,0.009355495936354874,0.7201846105052447,0.008596573374481054,0.007232934276928
0.9505912704434444,0.009063339978328588,0.1288854839172376,0.008888341624970542,0.0107479233252119
0.9521896464148122,0.008927674664818641,0.05170864709548628,0.009010901065011678,0.0131003261035792
0.9537893772977598,0.008962824350354004,0.6019033168385309,0.008947343137893693,0.0036426519010781
0.9553879801137597,0.009188620688359461,0.97992817938207,0.00867431997692103,0.0150723502389618
0.9569747171816376,0.009629582775173229,0.636228701555732,0.008163428691781549,0.004683422711638
0.9585538217133452,0.010282777949637056,0.07490562815117674,0.007417342555223305,0.012388565589686
0.960139883528154,0.011111118440230494,0.09606700765486959,0.006477366262193973,0.0117362596909949
0.961719443102055,0.012031852151691558,0.6703846773158666,0.005435446823120138,0.0057101150359584
0.9632842073817411,0.012933947558945225,0.979289047782991,0.004414412461124062,0.0150241143744234
0.9648509145139492,0.013710770480000967,0.5881676512443473,0.0035319823423685115,0.0032184729595609
0.966421744703879,0.014282906225225822,0.04901568085599756,0.0028755295816156323,0.0131409299121573
0.9679787066464561,0.014614754335467495,0.11781275343174491,0.002483600142912934,0.0110409066384602
0.9695313432325677,0.014708049961383418,0.6931348098853312,0.0023536670011758964,0.006381418871
0.9710936629717988,0.014600785840659714,0.977808834740499,0.00244372434833684,0.014947536198547
0.9726497119620481,0.014369722082878567,0.5697393694702363,0.0026691264750922095,0.002656742783459
0.9741970936231917,0.014078195167966545,0.04393174133200106,0.002960144181360258,0.0132789108984146
0.9757501960988689,0.013762846260322259,0.12272155222238401,0.003276784528168486,0.0108767614031096
0.9772827702220327,0.013462392952376556,0.693379606348368,0.0035765967444822966,0.0063757594863944
0.9788132163241254,0.013186012227811406,0.9810000289630758,0.003849680832090474,0.0149946605715612
0.9803453435493295,0.01292363609854269,0.5926167198067154,0.004107499278139137,0.0033311822737742
0.9818625996124006,0.012667221492875524,0.058492861818122244,0.004359317145412156,0.0127461252376501
0.9833786966243264,0.012398984456758688,0.08641879819763215,0.004625085696832842,0.0118656170914609
0.984904050041097,0.012089641742157486,0.6462143451752287,0.004937389847319507,0.0048955350231212
0.986420790428957,0.011723490865558683,0.9913598990317586,0.005313709871149985,0.0150787661589188
0.9879370730079079,0.011299624934872021,0.6581188729986656,0.005755238051261102,0.0052075495580602
0.9894674166209314,0.010820262358833543,0.08564936739536244,0.006259703590430821,0.0116969960085358
0.9909950710266706,0.010301926397488226,0.045852976730691664,0.006808783200278334,0.0128145403953922
0.9925215656285389,0.009768228009090829,0.5955853940239929,0.007376239838649878,0.0033155897828389
0.9940582076459057,0.009235141287238458,1.0,0.007944036258490605,0.0149987654183392
0.9956045436108953,0.008716765626726797,0.6950831496913442,0.00849596420595189,0.0061634826290821
0.9971464124449274,0.008249746462304919,0.09768876554635947,0.008990715687305473,0.0111142156666479
0.9986927880631044,0.007874524867747201,0.02642279126968966,0.009383088919302507,0.0131513863192251
1.0,0.007649021315363325,0.48182840011881944,0.009606406811402568,7.978967181974882e-16
